Data,godz,deman,supply,wind_prod,reserve,cro,SE4,rdn
20180523,1,16425,12797,442,1472,138.69,387.48,173.59
20180523,2,15825,12255,386,1419,129.7,372.25,172.99
20180523,3,15525,11999,339,1392,134.18,368.36,172.98
20180523,4,15500,11995,319,1391,129.7,352.93,172.98
20180523,5,15275,11781,315,1370,117,360.19,172.98
20180523,6,15425,11943,286,1382,134.24,385.33,172.98
20180523,7,17850,14357,225,1600,140.01,415.07,203.63
20180523,8,20125,16640,159,1805,158.39,798.26,265.18
20180523,9,21175,17688,134,1899,152.1,1034.88,328.41
20180523,10,21525,18016,151,1931,226.17,881.25,350
20180523,11,21600,18063,187,1938,226.14,836.49,340.53
20180523,12,21875,18301,231,1962,230.87,866.33,369.82
20180523,13,22000,18375,283,1974,230.9,868.17,359.83
20180523,14,21950,18263,344,1969,230.87,867.05,351.16
20180523,15,21675,17907,428,1944,230.87,666.92,290
20180523,16,21475,17635,531,1926,226.17,696.46,284
20180523,17,21250,17322,639,1906,230.87,656.49,250
20180523,18,20875,16826,758,1872,230.87,562.56,230
20180523,19,20675,16509,879,1854,230.9,438.17,216.8
20180523,20,20800,16507,995,1866,243.54,467.3,224.87
20180523,21,21075,16678,1097,1890,286.06,450.95,228.8
20180523,22,20925,16454,1182,1877,230.9,418.14,210.99
20180523,23,19250,14789,1247,1726,164.53,409.45,189
20180523,24,17725,13291,1235,1589,145.4,361.52,173.58
20180524,1,16450,11931,1428,1474,126.29,380.56,174.48
20180524,2,15825,11376,1360,1419,119.95,351.04,174.48
20180524,3,15525,11123,1315,1392,119.95,339.52,172.14
20180524,4,15500,11123,1291,1391,111.01,326.98,172.02
20180524,5,15350,11028,1238,1376,109,332.63,172.02
20180524,6,15575,11412,1057,1395,119.79,374.8,173
20180524,7,18100,14107,786,1623,133.05,416.15,196
20180524,8,20200,16354,570,1812,133.06,629.37,260
20180524,9,21175,17361,526,1899,152.41,781.49,328.41
20180524,10,21525,17655,583,1931,194.89,704.66,345
20180524,11,21550,17588,686,1933,206.78,715.67,333.45
20180524,12,21900,17819,807,1965,229.89,715.67,350.92
20180524,13,22100,17910,917,1983,194.89,669.38,349.94
20180524,14,22050,17754,1022,1978,152.35,635.75,350.1
20180524,15,21775,17359,1145,1953,135,600.57,283.57
20180524,16,21600,17080,1280,1938,170.31,532.27,266.84
20180524,17,21375,16752,1394,1917,182,428.29,238
20180524,18,21000,16337,1434,1884,175.09,428.91,212.19
20180524,19,20800,16140,1435,1866,191.12,439.09,210.39
20180524,20,20900,16231,1438,1875,194.89,452.36,219.01
20180524,21,21100,16425,1437,1893,175.29,449.89,225.71
20180524,22,20900,16236,1430,1875,170.21,431.68,217.59
20180524,23,19125,14580,1411,1715,159.59,409.98,198
20180524,24,17525,13071,1340,1571,145.6,361.84,174.87
20180525,1,16425,12057,1277,1472,138.16,368.3,175
20180525,2,15825,11571,1176,1419,131.74,349.87,174.63
20180525,3,15525,11330,1108,1392,128.3,341.98,174.63
20180525,4,15500,11356,1058,1391,131.74,328.57,174.63
20180525,5,15350,11285,986,1376,131.74,337.99,174.63
20180525,6,15575,11664,815,1395,132.4,383.35,174.63
20180525,7,18100,14357,563,1623,152.17,428.5,200
20180525,8,20350,16768,352,1825,195.89,485.02,263
20180525,9,21375,17787,319,1917,224.84,491.57,317
20180525,10,21700,18018,403,1947,213.04,490.96,310.16
20180525,11,21600,17793,532,1938,224.84,485.43,302.38
20180525,12,21875,17935,671,1962,226.85,458.81,307.47
20180525,13,22100,18037,795,1983,226.85,442.22,313.09
20180525,14,22050,17886,895,1978,226.85,440.79,303.15
20180525,15,21775,17548,958,1953,226.82,427.17,274.69
20180525,16,21600,17366,996,1938,224.84,414.37,275
20180525,17,21375,17128,1026,1917,174.85,414.68,238
20180525,18,20975,16728,1027,1881,175.22,424.51,229.84
20180525,19,20700,16459,1024,1857,191.39,431.78,227.14
20180525,20,20800,16535,1042,1866,213.41,428.6,229.88
20180525,21,21000,16713,1066,1884,215.17,419.18,229.94
20180525,22,20825,16546,1079,1868,176.67,417.96,229.2
20180525,23,19125,14955,1079,1715,155.39,412.73,205.43
20180525,24,17525,13439,1044,1571,135,398.4,175.98
20180526,1,16475,12594,775,1484,125,409.47,176.98
20180526,2,15800,11967,751,1423,125,394.37,174.76
20180526,3,15400,11588,732,1387,115.91,367.24,174.76
20180526,4,15200,11417,705,1369,115.91,356.73,174.76
20180526,5,14875,11157,642,1340,107,349.59,174.73
20180526,6,14575,10958,528,1313,125,344.9,174.5
20180526,7,15800,12319,389,1423,149.15,380.8,176.98
20180526,8,17400,13999,282,1567,135,404.16,210
20180526,9,18775,15397,244,1691,230.95,424.67,321
20180526,10,19650,16281,233,1769,226.22,423.04,421.98
20180526,11,20000,16627,243,1801,226.19,414.26,423.7
20180526,12,20175,16779,278,1817,224.23,408.45,424.11
20180526,13,20075,16643,331,1808,224.23,398.55,412
20180526,14,19675,16210,372,1772,226.19,387.43,362.1
20180526,15,18900,15434,376,1702,224.23,378.46,250
20180526,16,18600,15172,369,1675,181,375.4,235
20180526,17,18325,14924,370,1650,135,376.82,225.34
20180526,18,18075,14666,382,1628,132.87,398.66,220
20180526,19,17900,14452,420,1612,126.08,425.59,210
20180526,20,17900,14377,481,1612,131.7,431.4,210
20180526,21,18075,14498,529,1628,130.91,430.69,215.31
20180526,22,18300,14695,570,1648,128.3,428.34,219.06
20180526,23,17250,13627,608,1553,149.39,426.61,185
20180526,24,15900,12260,616,1432,135.01,399.06,175.16
20180527,1,14725,11087,680,1320,149.89,396.41,173.93
20180527,2,14025,10405,661,1258,144.68,370.68,165
20180527,3,13625,10036,630,1222,134.43,347.4,162
20180527,4,13425,9862,604,1204,137.99,337.59,161
20180527,5,13000,9480,566,1166,135.31,332.89,159.88
20180527,6,12625,9189,481,1132,131.7,326.87,159.86
20180527,7,13225,9893,366,1186,125.8,351.48,162.71
20180527,8,14375,11114,271,1289,135,372.92,176.02
20180527,9,15375,12126,236,1379,149.89,384.67,180.62
20180527,10,16225,12984,234,1456,183.08,396.82,181.02
20180527,11,16675,13415,251,1496,183.08,400.8,195
20180527,12,16875,13586,280,1514,285,398.04,194.1
20180527,13,16900,13577,314,1517,207.61,393.76,194.72
20180527,14,16800,13443,348,1508,183.08,387.42,185
20180527,15,16500,13114,377,1481,135,380.28,180.62
20180527,16,16200,12801,413,1454,150,384.26,180.62
20180527,17,16100,12670,456,1445,148.41,386.71,178.16
20180527,18,16100,12598,527,1445,144.89,397.33,178.16
20180527,19,16225,12618,632,1454,148.05,422.14,178.16
20180527,20,16500,12760,760,1479,150.01,431.95,180.62
20180527,21,16900,13018,898,1515,152.66,430.01,180.62
20180527,22,17250,13250,1036,1546,125.39,428.68,180.62
20180527,23,16550,12444,1154,1483,125.8,421.43,176.87
20180527,24,15425,11277,1191,1384,140.66,384.87,164.95
20180528,1,14600,10554,1127,1308,199.5,378.74,169
20180528,2,14050,9988,1143,1259,195.51,343.72,162
20180528,3,13875,9790,1166,1244,195.62,294.7,160.91
20180528,4,13800,9709,1172,1238,195.39,288.37,161.01
20180528,5,13525,9463,1133,1212,193.49,298.28,160
20180528,6,14200,10267,988,1272,187.88,382.42,169
20180528,7,17275,13522,743,1549,221.16,439.5,207.57
20180528,8,19875,16249,506,1783,234.35,503.32,254.83
20180528,9,21175,17550,435,1899,327.58,523.54,300
20180528,10,21575,17839,512,1935,360.1,519.87,303.96
20180528,11,21650,17780,649,1942,326.73,509.86,292.1
20180528,12,22100,18140,744,1983,327.58,493.22,300
20180528,13,22300,18297,781,2001,283.27,472.08,294
20180528,14,22300,18297,797,2001,283.3,480.04,280
20180528,15,22050,18018,822,1978,283.3,485.45,264.74
20180528,16,21875,17784,876,1962,292.55,498.42,256.22
20180528,17,21525,17410,944,1931,277.43,510.06,240
20180528,18,21225,17005,1046,1904,277.24,531.1,230.95
20180528,19,20975,16621,1181,1881,270.77,525.48,230
20180528,20,21075,16541,1339,1890,283.27,544.68,233
20180528,21,21250,16547,1510,1906,275.97,498.12,230
20180528,22,21175,16334,1688,1899,234.35,463.09,224.06
20180528,23,19750,14841,1827,1771,231.94,438.69,205.89
20180528,24,18200,13327,1836,1632,202.56,395.8,176.57
20180529,1,16850,11903,1794,1510,194.5,370.12,176.17
20180529,2,16138,11270,1722,1447,180,348.83,174.77
20180529,3,15950,11120,1686,1430,178.89,363.67,174.49
20180529,4,15925,11104,1678,1428,178.89,360.49,174.49
20180529,5,15550,10757,1652,1394,176.89,340.74,174.9
20180529,6,16000,11362,1486,1434,178.89,394.58,174.91
20180529,7,18675,14301,1185,1675,212.89,439,207.02
20180529,8,20925,16753,929,1877,274.16,534.91,242.65
20180529,9,21875,17701,893,1962,320.75,609.83,274.06
20180529,10,22225,17887,1032,1994,340,543.51,290
20180529,11,22263,17702,1255,1997,283.79,548.21,274.06
20180529,12,22588,17910,1384,2027,283.76,480.97,285
20180529,13,22700,18015,1398,2037,255.8,456.3,280.6
20180529,14,22713,18058,1362,2038,277.72,449.95,274.06
20180529,15,22250,17635,1317,1996,277.75,442.17,260
20180529,16,22088,17521,1299,1982,283.79,436.75,251.14
20180529,17,21750,17224,1286,1951,283.79,433.17,246.9
20180529,18,21375,16852,1284,1917,283.79,446.68,251.14
20180529,19,21250,16707,1301,1906,267.98,461.93,236
20180529,20,21350,16746,1351,1915,277.75,471.86,251.14
20180529,21,21500,16811,1442,1929,282.86,450.36,251.14
20180529,22,21225,16458,1542,1904,263.97,443.71,230.15
20180529,23,19625,14849,1609,1760,221.16,435.52,206.46
20180529,24,18150,13437,1563,1627,205.92,390.69,177.39
20180530,1,16838,12109,1617,1509,176.89,394.23,172.82
20180530,2,16125,11509,1506,1445,169.21,374.48,170
20180530,3,15900,11363,1429,1426,169.45,361.87,169
20180530,4,15875,11412,1356,1424,169.21,345.32,169
20180530,5,15513,11148,1260,1391,177.89,351.22,166.95
20180530,6,15963,11776,1071,1431,180.89,403.84,170.37
20180530,7,18663,14696,797,1674,213.89,457.6,206.82
20180530,8,20925,17148,537,1877,234.35,537.01,248.39
20180530,9,21875,18185,423,1962,235,588.19,396.32
20180530,10,22150,18432,436,1987,461,549.52,461
20180530,11,22163,18382,494,1988,400.2,516.02,424
20180530,12,22500,18695,520,2019,497.26,495.96,468
20180530,13,22650,18867,500,2032,530,464.22,502.76
20180530,14,22563,18818,461,2024,512,464.32,512
20180530,15,22200,18485,431,1992,450,462.57,450
20180530,16,21925,18250,421,1967,361.03,465.05,350
20180530,17,21550,17879,424,1933,365.02,471.04,300
20180530,18,21163,17463,454,1898,359.63,503.82,294.5
20180530,19,20913,17142,519,1876,313.2,577.23,270
20180530,20,21025,17180,602,1886,343.59,601.83,260.9
20180530,21,21100,17164,688,1893,337.26,547.14,287.48
20180530,22,20825,16839,776,1868,328.2,511.57,245
20180530,23,19400,15460,854,1740,244.18,466.08,230
20180530,24,17975,14057,872,1611,221.16,438.68,193.54
20180531,1,16563,12806,825,1484,224.45,432.2,185.64
20180531,2,15400,11701,769,1380,216.45,407.93,176.73
20180531,3,14825,11182,714,1330,213.51,397.54,174.84
20180531,4,14525,10919,678,1303,215,392.4,170.94
20180531,5,13775,10217,636,1235,213.12,389.93,170.93
20180531,6,13150,9689,538,1179,213.12,404.33,170.93
20180531,7,13275,9950,389,1190,217.45,438.58,176.3
20180531,8,14100,10866,253,1264,233.43,501.73,200
20180531,9,15100,11916,200,1353,239.46,506.77,215.96
20180531,10,15900,12708,215,1425,234.35,471.18,225
20180531,11,16000,12768,254,1436,239.49,469.64,234.17
20180531,12,16000,12711,312,1436,239.46,467.48,234.17
20180531,13,16150,12793,380,1449,239.46,460.38,234.17
20180531,14,16175,12749,449,1451,234.35,461,234.17
20180531,15,16025,12515,531,1438,234.35,461.1,215
20180531,16,15575,11991,626,1397,234.35,453.8,205.15
20180531,17,15225,11547,721,1366,234.82,450.2,203.66
20180531,18,15225,11456,810,1366,234.35,457.5,202.6
20180531,19,15400,11541,899,1380,239.89,486.82,208.17
20180531,20,15550,11588,992,1393,239.49,510.17,216.14
20180531,21,15825,11755,1083,1418,239.49,501.32,220
20180531,22,16625,12494,1164,1490,234.35,470.67,220.85
20180531,23,16275,12114,1229,1458,234.35,453.8,204.37
20180531,24,15075,10897,1242,1350,214.8,424.59,180.96
20180601,1,14025,9997,1207,1258,182.89,424.48,174.4
20180601,2,13425,9413,1192,1204,184.89,399.42,171.11
20180601,3,13225,9241,1165,1186,184.89,398.7,171.11
20180601,4,13075,9126,1131,1172,182.89,394.9,171.11
20180601,5,12825,8942,1061,1150,182.89,390.38,168.52
20180601,6,13325,9612,890,1194,184.89,422.94,171.08
20180601,7,15375,11847,642,1378,221.16,491.14,194.34
20180601,8,17250,13855,416,1546,294.21,637.18,223.98
20180601,9,18550,15254,307,1663,427.25,699.93,274.78
20180601,10,19350,16097,277,1735,510,781.17,299.98
20180601,11,19775,16529,269,1773,471.41,769.98,300
20180601,12,20050,16807,267,1798,471.97,771.01,307.47
20180601,13,20100,16855,270,1803,469.96,757.04,330.6
20180601,14,20050,16800,274,1798,446.46,719.45,330
20180601,15,19825,16558,294,1778,284.74,601.44,299.98
20180601,16,19675,16402,328,1764,278.71,544.34,252.15
20180601,17,19300,15997,362,1731,278.68,595.69,240.74
20180601,18,18925,15583,404,1697,278.68,695.11,238.2
20180601,19,18725,15327,457,1679,234.35,480.35,243.05
20180601,20,18625,15148,526,1670,234.35,553.99,258
20180601,21,18725,15123,634,1679,221.16,546.19,245
20180601,22,18875,15185,753,1692,221.16,469.16,235
20180601,23,17850,14165,854,1600,221.16,466.18,224.61
20180601,24,16500,12835,865,1479,219.2,451.39,191.96
20180602,1,15763,12425,684,1420,207.18,433.57,176.7
20180602,2,15025,11774,608,1353,181.89,415.68,176.49
20180602,3,14725,11569,555,1326,185.74,402.52,171
20180602,4,14550,11441,508,1310,181.89,395.93,170
20180602,5,14000,10948,456,1261,181.89,395.93,169.55
20180602,6,13975,11001,377,1259,191.18,398.81,169.55
20180602,7,15025,12120,275,1353,220.7,415.99,174.79
20180602,8,16325,13494,182,1470,231.76,433.68,192.81
20180602,9,17625,14831,135,1587,237.75,452.39,225.91
20180602,10,18550,15768,118,1670,296.1,470.08,265
20180602,11,19000,16225,115,1711,237.78,465.04,289.04
20180602,12,19175,16389,127,1727,293.65,463.4,289.04
20180602,13,19100,16289,153,1720,293.65,452.5,289.04
20180602,14,19050,16202,189,1715,268.22,451.47,270
20180602,15,18625,15741,224,1677,237.75,450.75,230
20180602,16,18250,15362,257,1643,234.35,443.75,225.42
20180602,17,17850,14930,290,1607,237.75,438.82,210
20180602,18,17575,14645,297,1583,234.35,446.63,205
20180602,19,17525,14601,291,1578,236.09,469.26,204.98
20180602,20,17675,14720,297,1592,246.66,512.45,210
20180602,21,17725,14758,319,1596,237.75,512.25,210.6
20180602,22,17875,14889,351,1610,237.75,511.01,215
20180602,23,17175,14185,384,1547,231.76,471.73,190
20180602,24,15925,12943,379,1434,213.78,434.7,176.34
20180603,1,14650,11723,426,1312,176.89,446.11,175.91
20180603,2,13800,10885,415,1236,176,427.6,166
20180603,3,13400,10495,406,1200,176.89,411.66,165.87
20180603,4,13175,10282,400,1180,174.89,404.36,165.87
20180603,5,12600,9726,387,1129,186.3,395.11,165.87
20180603,6,12438,9615,335,1115,186.3,403.54,165.87
20180603,7,12988,10235,261,1165,198.63,413.1,165.87
20180603,8,13925,11234,200,1247,211.26,425.54,174.97
20180603,9,15025,12283,172,1346,176.89,442.92,178
20180603,10,16075,13361,152,1440,176,447.96,188.09
20180603,11,16700,14005,139,1498,176.89,452.69,197.56
20180603,12,16900,14205,141,1516,180.91,451.25,198.3
20180603,13,16975,14272,160,1523,176.89,451.25,198.3
20180603,14,16950,14226,192,1521,176,446.83,197.56
20180603,15,16600,13833,234,1490,176,427.91,189.13
20180603,16,16275,13467,281,1460,174.89,421.22,185
20180603,17,16025,13172,320,1438,174.89,424.82,180.6
20180603,18,16025,13155,334,1436,175.89,437.78,180
20180603,19,16200,13333,331,1452,174.89,447.96,189.13
20180603,20,16450,13571,330,1474,176,457.52,199.46
20180603,21,16575,13664,344,1485,216.89,463.58,202.6
20180603,22,17075,14206,366,1530,176.89,465.43,207
20180603,23,16650,13764,388,1492,176,462.04,199.43
20180603,24,15450,12549,401,1384,160.91,418.04,177.49
20180604,1,14800,11747,394,1326,177.84,397.06,168.59
20180604,2,14275,11193,423,1278,185.39,371.46,167.29
20180604,3,14125,11007,459,1265,185.34,333.11,167.29
20180604,4,13938,10792,487,1248,188.69,323.24,167.29
20180604,5,13775,10633,483,1233,185.37,317.18,163.06
20180604,6,14475,11394,415,1296,185.61,384.62,165.27
20180604,7,17525,14508,297,1571,203.89,459.68,205
20180604,8,20175,17143,208,1809,274.6,474.07,240
20180604,9,21475,18344,206,1926,274.6,469.44,288
20180604,10,22088,18880,271,1982,280.55,470.58,288
20180604,11,22125,18832,365,1985,280.55,470.99,288
20180604,12,22650,19246,477,2032,280.58,468.83,307.57
20180604,13,22850,19336,581,2050,280.55,468.62,307.57
20180604,14,22750,19167,658,2041,274.63,465.74,304.96
20180604,15,22300,18701,674,2001,274.6,464.61,274.43
20180604,16,22125,18506,708,1985,274.6,463.28,257.88
20180604,17,21825,18196,733,1958,256.89,460.29,243
20180604,18,21400,17797,707,1920,234.35,468,232.02
20180604,19,21088,17545,649,1892,234.35,473.66,235.3
20180604,20,21325,17821,598,1913,234.35,472.84,246
20180604,21,21430,17941,568,1922,234.35,469.14,246.82
20180604,22,21305,17887,565,1911,234.35,466.67,233
20180604,23,19850,16508,582,1780,223.88,465.43,222.4
20180604,24,18300,14968,585,1641,203.89,442.82,190.14
20180605,1,17050,13253,828,1528,176.89,437.59,177.03
20180605,2,16288,12518,802,1460,178,420.67,176.45
20180605,3,15975,12252,756,1431,176.89,404.56,176.42
20180605,4,15938,12277,695,1428,176.89,403.64,176.12
20180605,5,15663,12077,621,1404,176.89,400.56,174.7
20180605,6,16150,12659,519,1447,190.79,427.03,176.48
20180605,7,18650,15210,429,1672,221.16,470.11,215
20180605,8,20825,17342,372,1868,407.81,480.16,269.14
20180605,9,21900,18404,356,1965,466.11,480.78,300
20180605,10,22250,18695,408,1996,464.72,481.39,305
20180605,11,22300,18641,519,2001,451.65,483.14,300
20180605,12,22663,18858,666,2033,466.11,485.6,300
20180605,13,22788,18830,820,2045,468.1,484.37,307.57
20180605,14,22663,18529,995,2033,410.83,479.86,299.11
20180605,15,22375,18029,1206,2007,309.23,476.37,275.47
20180605,16,22125,17572,1442,1985,290.59,478.83,250.84
20180605,17,21875,17129,1662,1962,266.15,477.09,228.02
20180605,18,21400,16488,1825,1920,274.9,536.89,225.02
20180605,19,21025,15987,1949,1886,290.8,595.36,237.19
20180605,20,21100,15984,2022,1893,375.83,633.93,249.08
20180605,21,21250,16164,1986,1906,290.8,575.35,230
20180605,22,21075,16092,1893,1890,274.9,529.5,227.32
20180605,23,19775,14980,1798,1773,215.35,502.83,215.3
20180605,24,18200,13546,1662,1632,176.89,460.88,188.9
20180606,1,16863,12383,1644,1511,178,460.77,177.11
20180606,2,16100,11783,1482,1443,178,431.06,175.95
20180606,3,15825,11663,1328,1418,178,421.13,174.01
20180606,4,15825,11797,1195,1418,178,426.25,168.59
20180606,5,15550,11635,1083,1393,178,426.46,167.3
20180606,6,15825,12005,981,1418,178,456.16,176.11
20180606,7,18375,14603,898,1648,199,479.71,217
20180606,8,20550,16786,817,1843,221.16,485.86,260
20180606,9,21575,17854,747,1935,234.35,649.72,295
20180606,10,21800,18134,692,1956,245,579.05,305
20180606,11,21750,18136,642,1951,234.35,509.51,300
20180606,12,22100,18525,604,1983,274.19,499.68,328.39
20180606,13,22200,18650,581,1992,294.02,489.85,320.76
20180606,14,22125,18579,576,1985,274.19,482.78,320
20180606,15,21850,18269,610,1960,274.19,482.99,300
20180606,16,21625,18008,668,1940,234.35,486.57,266.7
20180606,17,21300,17640,725,1911,234.35,490.88,250
20180606,18,21000,17299,763,1884,221.71,521.6,240
20180606,19,20825,17090,794,1868,234.35,612.24,247.5
20180606,20,20950,17166,838,1879,274.19,626.47,257.56
20180606,21,21000,17121,932,1884,234.35,590.52,245.74
20180606,22,20825,16824,1077,1868,234.35,498.15,231
20180606,23,19400,15302,1223,1740,182.91,485.04,210
20180606,24,17925,13765,1295,1607,180.89,461.07,190
20180607,1,16750,12584,1248,1501,164.42,453.07,178
20180607,2,16100,11910,1263,1443,163.94,429.61,175.11
20180607,3,15825,11629,1270,1418,160.34,422.1,172
20180607,4,15825,11639,1261,1418,160.34,419.22,169
20180607,5,15550,11396,1230,1393,160.34,415.21,166.54
20180607,6,15825,11792,1098,1418,163.82,445.35,175.11
20180607,7,18375,14516,867,1648,199,485.68,209
20180607,8,20475,16701,692,1837,221.16,572.3,249
20180607,9,21475,17666,695,1928,276.52,627.04,294.09
20180607,10,21700,17814,772,1949,234.35,596.38,295
20180607,11,21725,17768,845,1951,221.16,520.66,290
20180607,12,22125,18162,852,1987,237.6,500.29,300
20180607,13,22225,18318,797,1996,277.77,493.6,300
20180607,14,22125,18294,720,1987,276.85,491.55,300
20180607,15,21850,18104,639,1962,277.77,492.27,275
20180607,16,21625,17979,568,1942,253.86,500.29,260
20180607,17,21300,17734,516,1913,245.89,544.43,248
20180607,18,21000,17441,513,1886,277.77,581.77,249.46
20180607,19,20825,17218,559,1868,277.77,592.47,254.42
20180607,20,20950,17251,641,1879,277.8,628.99,257.56
20180607,21,21000,17141,800,1884,290.32,585.88,250
20180607,22,20900,16824,1027,1875,249,531.87,240
20180607,23,19500,15297,1253,1749,220.19,511.81,220
20180607,24,18025,13772,1325,1616,209.9,481.67,195
20180608,1,17000,12849,1298,1524,176.89,471.96,179.03
20180608,2,16300,12196,1242,1461,167.48,445.09,174.5
20180608,3,15925,11904,1160,1427,176.89,439.14,173.5
20180608,4,15850,11926,1064,1421,177.89,451.04,172
20180608,5,15525,11732,934,1391,178.89,451.34,171.3
20180608,6,15900,12297,733,1425,195.75,474.83,175.23
20180608,7,18375,14968,473,1648,199,501.8,209.73
20180608,8,20575,17291,258,1846,234.35,571.44,232.02
20180608,9,21650,18414,179,1942,276.07,651.43,279.99
20180608,10,22050,18836,157,1978,293.11,583.64,292.07
20180608,11,22200,18997,150,1992,320,568.77,290
20180608,12,22500,19305,143,2019,310,544.05,293.73
20180608,13,22675,19488,136,2034,379.34,508.06,295
20180608,14,22600,19415,133,2028,276.07,508.16,295
20180608,15,22350,19146,151,2005,279.52,503.44,280
20180608,16,22225,19009,192,1994,276.07,495.55,284
20180608,17,21875,18634,245,1962,290.7,496.88,292.07
20180608,18,21475,18163,322,1926,290.4,505.08,260.86
20180608,19,21225,17806,425,1904,290.4,547.13,255.54
20180608,20,21200,17647,549,1902,290.6,550.31,258
20180608,21,21200,17515,681,1902,328.27,531.44,250
20180608,22,21075,17275,796,1890,349.14,497.19,233
20180608,23,19800,16013,887,1776,234.35,504.16,220
20180608,24,18200,14410,926,1632,221.16,484.88,195.36
20180609,1,16838,12911,1211,1508,245.25,475.12,181
20180609,2,16125,12217,1192,1444,221.16,451.97,178.88
20180609,3,15700,11818,1165,1405,191.11,438.59,174.01
20180609,4,15450,11600,1132,1383,179,432.22,173.9
20180609,5,15025,11251,1056,1345,178.89,420.49,173.2
20180609,6,14925,11330,869,1336,179,431.5,173.88
20180609,7,16125,12769,587,1444,191.19,464.73,178.88
20180609,8,17775,14634,339,1592,234.35,481.09,198.5
20180609,9,19175,16107,239,1718,250,485.61,245.91
20180609,10,20050,16983,238,1797,250,490.65,320
20180609,11,20250,17159,266,1815,250,491.07,351
20180609,12,20475,17360,291,1835,250,489.83,351
20180609,13,20350,17220,307,1824,300,488.18,350.05
20180609,14,20025,16873,328,1795,300,487.16,306.6
20180609,15,19425,16243,358,1741,293.15,483.86,240
20180609,16,19125,15929,401,1714,250,483.55,221
20180609,17,18850,15607,458,1689,234.35,483.35,211
20180609,18,18600,15279,536,1666,234.35,485.82,203
20180609,19,18500,15084,627,1657,249.89,498.78,205
20180609,20,18575,15020,745,1664,258.59,503.72,211
20180609,21,18450,14729,920,1653,234.35,503.21,206.01
20180609,22,18475,14595,1097,1655,234.35,494.15,205
20180609,23,17725,13741,1239,1588,231.52,488.29,201
20180609,24,16425,12415,1285,1471,221.16,464.73,178.88
20180610,1,14975,11001,1395,1341,212.72,466.37,179.04
20180610,2,14200,10265,1356,1272,216.72,450.88,178.1
20180610,3,13800,9914,1296,1236,211.13,444.32,172
20180610,4,13563,9734,1225,1215,204.83,432.83,170
20180610,5,12950,9215,1116,1160,191.63,431.7,164
20180610,6,12763,9210,910,1144,193.15,440.32,165
20180610,7,13475,10146,644,1208,191.2,453.45,178.07
20180610,8,14500,11346,424,1299,215,466.78,179.05
20180610,9,15588,12505,317,1397,234.35,476.12,188
20180610,10,16550,13478,257,1483,234.42,481.25,203.55
20180610,11,17050,14002,228,1529,237.49,487.2,207.55
20180610,12,17225,14185,223,1544,237.49,487.3,207.55
20180610,13,17250,14208,226,1548,235.46,485.66,204.59
20180610,14,17200,14158,227,1544,237.49,482.28,204.31
20180610,15,16925,13916,230,1519,234.35,472.32,194.49
20180610,16,16675,13657,239,1496,234.35,466.48,187.52
20180610,17,16450,13426,249,1476,234.35,471.5,187
20180610,18,16450,13408,274,1474,231.5,481.15,187.3
20180610,19,16550,13455,328,1483,234.35,488.64,194
20180610,20,16850,13661,404,1510,237.49,499.1,198.94
20180610,21,17025,13740,506,1526,234.35,501.25,203.55
20180610,22,17475,14072,639,1566,234.35,499.72,209.29
20180610,23,17025,13559,781,1526,224.78,497.87,204.59
20180610,24,15738,12216,859,1410,196.8,478.58,180.84
20180611,1,14925,11623,618,1337,188.6,465.76,178.72
20180611,2,14425,11104,638,1292,196.25,438.26,178.72
20180611,3,14225,10915,628,1274,194,433.65,178.72
20180611,4,14200,10911,608,1272,188.6,425.13,178.72
20180611,5,13975,10701,594,1251,180.91,425.24,177.63
20180611,6,14838,11610,537,1329,196.47,451.7,178.72
20180611,7,17938,14737,432,1607,222.19,519.31,222
20180611,8,20475,17255,354,1836,290.7,636.06,239
20180611,9,21775,18505,368,1955,395.96,664.68,282.76
20180611,10,22388,19030,425,2010,282.46,656.78,284.84
20180611,11,22488,19029,519,2019,276.42,652.37,278.5
20180611,12,22888,19314,640,2055,282.43,667.04,288.99
20180611,13,23163,19469,761,2079,282.43,657.4,293.5
20180611,14,23113,19304,875,2075,235,646.42,289
20180611,15,22700,18836,964,2038,267,617.9,262.9
20180611,16,22450,18529,1026,2016,234.35,574.4,250
20180611,17,22188,18247,1049,1992,234.35,554.81,239
20180611,18,21850,17963,1004,1962,234.35,509.97,236.05
20180611,19,21525,17726,917,1931,234.35,501.05,239
20180611,20,21550,17807,840,1933,234.35,497.97,244.72
20180611,21,21500,17789,820,1929,234.35,490.38,242.97
20180611,22,21350,17652,849,1915,253.9,488.23,238.5
20180611,23,20100,16440,898,1803,231.15,487.61,228.72
20180611,24,18525,14878,924,1661,212.32,462.27,198
20180612,1,17125,13367,898,1536,196.41,430.54,183
20180612,2,16438,12692,887,1474,176.89,415.34,175.99
20180612,3,16050,12333,859,1439,175.89,400.86,176
20180612,4,15950,12282,810,1430,175.89,410.21,175.1
20180612,5,15538,11914,768,1393,174.89,401.48,176
20180612,6,15963,12375,721,1431,175.89,430.43,183.72
20180612,7,18600,14986,688,1669,206.89,479.72,207.2
20180612,8,20900,17204,689,1876,234.35,627.68,252.41
20180612,9,21988,18247,694,1974,234.35,661.67,276
20180612,10,22338,18574,703,2005,276.66,654.28,275.81
20180612,11,22400,18620,725,2011,234.35,713.42,271
20180612,12,22788,18997,739,2046,276.66,819.18,289.1
20180612,13,22950,19154,745,2060,276.66,852.65,280
20180612,14,22775,18990,733,2044,276.66,852.76,290
20180612,15,22413,18663,698,2012,234.35,712.7,270
20180612,16,22263,18594,646,1998,234.35,722.46,275
20180612,17,21975,18397,583,1972,234.35,654.28,260.94
20180612,18,21538,18034,515,1933,234.35,603.14,249
20180612,19,21188,17737,461,1899,234.35,578.19,245
20180612,20,21238,17812,430,1904,234.35,577.06,253.23
20180612,21,21138,17701,435,1895,234.35,555.29,250.6
20180612,22,20988,17540,450,1881,234.35,514.94,243.34
20180612,23,19863,16498,457,1780,209.13,516.38,229
20180612,24,18313,14994,445,1641,179,475.1,202.9
20180613,1,16938,13870,386,1518,196.45,470.2,192.43
20180613,2,16175,13138,345,1449,196.59,448.92,180
20180613,3,15900,12887,308,1425,176.89,431.61,177.4
20180613,4,15750,12754,271,1411,176.89,427.34,178
20180613,5,15375,12400,235,1377,176.89,423.16,175.97
20180613,6,15750,12815,187,1411,202.1,470,183
20180613,7,18375,15448,132,1647,207.37,479.88,207.21
20180613,8,20800,17829,89,1866,234.35,611.53,260.93
20180613,9,21925,18955,70,1967,234.35,696.04,296.43
20180613,10,22250,19273,72,1996,490.5,728.62,330.05
20180613,11,22325,19317,85,2003,470.64,715.39,322
20180613,12,22675,19633,104,2034,580,703.58,353.85
20180613,13,22825,19749,126,2048,443.12,662.54,374.99
20180613,14,22725,19625,149,2039,459.58,607.15,374.99
20180613,15,22450,19308,182,2014,337.78,564.08,305
20180613,16,22350,19183,229,2005,276.62,533.64,265
20180613,17,21950,18740,280,1969,282.63,501.67,260.9
20180613,18,21575,18302,327,1935,282.63,502.48,255
20180613,19,21375,18037,373,1917,282.66,530.69,250.17
20180613,20,21475,18064,426,1926,282.63,540.26,255
20180613,21,21400,17940,458,1920,282.63,538.73,253.6
20180613,22,21175,17702,480,1899,270.7,539.34,241
20180613,23,19800,16392,501,1776,221.16,521.73,233.36
20180613,24,18200,14854,498,1632,205.89,477.64,202.9
20180614,1,16975,13633,478,1521,206,478.54,190.69
20180614,2,16275,12898,514,1458,198.89,461.22,178.72
20180614,3,15925,12544,519,1427,198.89,442.08,175
20180614,4,15750,12381,507,1411,194.37,435.29,174.77
20180614,5,15400,12066,474,1380,195.9,436.31,174.19
20180614,6,15925,12631,406,1427,194.15,454.74,181
20180614,7,18550,15306,315,1663,205.12,469.93,204.82
20180614,8,20750,17478,246,1861,234.35,531.61,235
20180614,9,21750,18474,232,1951,234.35,574.65,272.02
20180614,10,22050,18764,236,1978,234.35,543.05,290.8
20180614,11,22125,18837,241,1985,235,658.71,290
20180614,12,22475,19188,241,2016,235,481.27,310
20180614,13,22625,19328,232,2030,274.74,480.67,315
20180614,14,22575,19281,226,2025,274.74,478.54,315
20180614,15,22400,19105,226,2010,234.35,476.82,310
20180614,16,22275,18998,230,1998,234.35,473.37,272.02
20180614,17,21925,18657,236,1967,234.35,465.07,258.24
20180614,18,21575,18299,243,1935,234.35,473.47,245
20180614,19,21225,17938,253,1904,234.35,513.18,245
20180614,20,21200,17892,271,1902,234.35,526.44,245.6
20180614,21,21200,17878,303,1902,274.74,478.03,241.38
20180614,22,21025,17669,346,1886,234.35,474.99,234
20180614,23,19900,16586,390,1785,207.2,469.63,235
20180614,24,18400,15107,413,1650,175.91,417.16,200.87
20180615,1,17000,13674,508,1524,164.29,407.8,189.49
20180615,2,16275,12923,535,1458,159.94,394.46,177
20180615,3,15925,12569,540,1427,159.82,384.79,174
20180615,4,15775,12440,519,1413,159.82,374.31,173
20180615,5,15475,12173,468,1386,164.41,384.08,172.97
20180615,6,15850,12625,380,1420,187,426.73,178
20180615,7,18425,15261,276,1652,213.89,488.93,209.48
20180615,8,20575,17398,190,1845,287.3,609.97,247
20180615,9,21750,18586,152,1951,279.41,645.6,272.99
20180615,10,22150,18971,151,1987,392.36,621.67,360
20180615,11,22225,19037,163,1994,372.38,586.55,340.02
20180615,12,22575,19376,176,2025,393.39,577.49,357.03
20180615,13,22725,19496,187,2039,407.64,546.75,370
20180615,14,22625,19381,201,2030,350,501.25,357.03
20180615,15,22375,19108,223,2007,300,486.18,305.18
20180615,16,22350,19078,252,2005,279.38,487.71,305
20180615,17,22025,18744,282,1976,273.46,489.24,266.41
20180615,18,21675,18356,325,1944,273.46,496.16,250
20180615,19,21325,17944,386,1913,234.35,536.27,243
20180615,20,21300,17835,467,1911,273.46,559.88,248
20180615,21,21300,17758,562,1911,273.36,557.34,243
20180615,22,21100,17482,653,1893,234.35,535.86,235
20180615,23,19975,16381,718,1793,202.89,488.93,225
20180615,24,18375,14820,723,1649,197.89,463.79,199.02
20180616,1,17050,13735,551,1535,177.89,446.75,186.01
20180616,2,16200,12959,496,1459,177.89,423.66,175
20180616,3,15775,12617,441,1421,177.89,417.15,171
20180616,4,15575,12465,392,1403,177.89,414.1,169
20180616,5,15050,11972,341,1355,177.89,409.83,167.1
20180616,6,14900,11891,264,1342,177.45,419.9,167.24
20180616,7,16125,13168,180,1452,213.66,427.63,175.08
20180616,8,17825,14881,115,1605,234.35,444.72,191
20180616,9,19175,16247,90,1727,234.35,466.18,244.87
20180616,10,20050,17109,91,1805,234.35,471.98,330
20180616,11,20250,17304,99,1823,234.35,474.11,338
20180616,12,20475,17523,106,1844,255,470.25,360
20180616,13,20250,17273,111,1823,234.35,461.8,360
20180616,14,19900,16916,120,1792,234.35,456.41,314.21
20180616,15,19125,16125,144,1722,228.88,452.75,269.21
20180616,16,18850,15836,182,1697,232.22,452.34,230
20180616,17,18500,15440,227,1666,234.35,454.89,205
20180616,18,18275,15157,282,1646,234.35,463.13,195
20180616,19,18175,14994,343,1637,228.88,468.11,198.23
20180616,20,18200,14942,413,1639,228.88,476.04,200.61
20180616,21,18150,14824,499,1634,221.16,468.72,198.23
20180616,22,18250,14856,590,1643,177.89,464.45,198.23
20180616,23,17475,14072,667,1574,177.45,468.92,193.63
20180616,24,16300,12915,695,1468,176.89,450,176.51
20180617,1,15125,11708,796,1358,155.91,448.95,172.49
20180617,2,14325,10898,805,1286,143.91,430.73,171
20180617,3,13900,10479,800,1248,143.91,413.64,171
20180617,4,13625,10235,768,1223,143.91,409.55,169.45
20180617,5,13025,9679,705,1169,150.91,405.25,169.43
20180617,6,12825,9603,580,1151,160.89,405.66,167.1
20180617,7,13500,10423,414,1212,208.02,414.97,169.38
20180617,8,14425,11486,255,1295,216.65,424.49,169.43
20180617,9,15525,12649,165,1394,227.14,446.49,184.29
20180617,10,16475,13605,140,1480,234.35,458.16,194.99
20180617,11,17075,14195,137,1534,234.35,464.81,197.92
20180617,12,17275,14382,148,1552,233.07,467.68,207.57
20180617,13,17300,14437,173,1554,233.04,465.12,210
20180617,14,17200,14322,193,1545,227.17,459.28,202.42
20180617,15,16975,14095,200,1525,175.85,452.73,196.37
20180617,16,16625,13749,209,1493,175.85,450.69,189.67
20180617,17,16500,13622,221,1482,175.89,450.89,188.55
20180617,18,16575,13640,229,1489,217.91,452.94,188.55
20180617,19,16675,13749,239,1498,175.85,452.02,190.6
20180617,20,16950,13985,263,1523,175.89,460.82,197.92
20180617,21,17225,14235,298,1547,208.76,466.86,207.39
20180617,22,17650,14648,342,1586,175.89,469.21,216.74
20180617,23,17200,14167,391,1545,207.55,468.8,197.92
20180617,24,15950,12887,423,1433,207.55,454.37,180.3
20180618,1,15050,11901,495,1352,170,444.75,171.44
20180618,2,14625,11466,505,1313,170,414.46,169.44
20180618,3,14450,11276,520,1298,165.91,399.21,169.43
20180618,4,14400,11201,545,1293,165.89,385.7,169.43
20180618,5,14200,10984,562,1275,165.89,376.8,169.43
20180618,6,14950,11770,515,1343,165.91,418.04,170.99
20180618,7,17950,14816,414,1612,207.55,457.24,218.37
20180618,8,20375,17193,331,1830,234.35,553.13,250
20180618,9,21725,18543,317,1951,234.35,519.97,356.14
20180618,10,22325,19092,342,2005,234.35,480.06,377.3
20180618,11,22450,19186,380,2017,270.92,470.64,357
20180618,12,22900,19572,422,2057,276.77,466.55,437
20180618,13,23100,19751,469,2075,276.8,460.31,450
20180618,14,22925,19513,516,2059,276.77,460.72,410
20180618,15,22525,19091,559,2024,270.95,458.87,342
20180618,16,22350,18880,600,2008,270.92,460.31,310.15
20180618,17,22000,18532,618,1977,290.5,456.21,292.52
20180618,18,21600,18155,599,1941,276.8,466.04,261.79
20180618,19,21375,17961,559,1921,290.7,499.2,246
20180618,20,21425,18043,508,1925,290.4,510.35,249
20180618,21,21425,18083,471,1925,276.8,507.48,250
20180618,22,21075,17777,458,1894,276.77,459.49,232
20180618,23,19800,16584,464,1779,225.65,452.33,227.97
20180618,24,18250,15046,498,1640,194.89,425.62,194.84
20180619,1,17050,13711,562,1532,191.74,406.32,179
20180619,2,16325,12905,643,1467,171.89,379.27,172.06
20180619,3,15875,12392,705,1426,170.89,348.73,171
20180619,4,15800,12271,751,1420,169.89,274.84,169.45
20180619,5,15475,11898,797,1390,169.89,276.48,169.42
20180619,6,15900,12311,798,1429,170.89,358.87,169.45
20180619,7,18400,14816,752,1654,207.55,427.74,202.56
20180619,8,20525,16789,771,1845,257.78,455.82,233
20180619,9,21600,17694,917,1942,290.8,456.94,260
20180619,10,22025,17879,1143,1980,272.54,454.79,270
20180619,11,22125,17765,1378,1989,272.51,452.95,255
20180619,12,22375,17835,1541,2011,272.54,450.49,260
20180619,13,22500,17895,1624,2023,278.41,449.57,260
20180619,14,22450,17782,1666,2018,272.51,448.64,250.12
20180619,15,22225,17562,1680,1998,234.35,446.8,248.03
20180619,16,22050,17421,1655,1982,257.78,442.19,245.93
20180619,17,21700,17146,1588,1951,258.82,436.55,230
20180619,18,21350,16944,1444,1919,234.35,444.03,227
20180619,19,21175,16939,1273,1903,221.16,450.59,230
20180619,20,21175,17102,1104,1903,234.35,455.92,241.64
20180619,21,21100,17152,978,1897,234.35,509.93,241.99
20180619,22,20875,17008,913,1876,272.37,509.93,233
20180619,23,19925,16164,887,1791,236.87,441.27,236.67
20180619,24,18450,14769,854,1658,201.32,421.08,201
20180620,1,17000,13519,771,1528,171.89,423.39,188.09
20180620,2,16250,12796,742,1460,158.46,396.15,175
20180620,3,15900,12497,689,1429,158.34,392.75,170
20180620,4,15850,12513,622,1424,158.46,392.33,167.86
20180620,5,15425,12158,552,1386,160.91,382.94,167.86
20180620,6,15850,12664,463,1424,165.91,422.35,170
20180620,7,18300,15145,392,1645,199,477.03,210
20180620,8,20475,17237,356,1840,272,574.62,260
20180620,9,21600,18343,357,1942,388,538,381.87
20180620,10,22100,18773,411,1987,589.15,510.97,425
20180620,11,22250,18858,500,2000,591.44,470.43,408.8
20180620,12,22575,19088,576,2029,729.13,463.93,500
20180620,13,22700,19183,624,2041,649.44,457.43,501
20180620,14,22575,19002,662,2029,669.53,450.62,480
20180620,15,22350,18785,683,2009,380,447.42,392
20180620,16,22250,18697,689,2000,375.67,434.84,375.67
20180620,17,21900,18374,665,1969,350,432.77,337
20180620,18,21600,18144,592,1942,360.2,444.84,305
20180620,19,21325,17958,498,1917,290.8,451.45,278.05
20180620,20,21375,18066,422,1921,364.69,449.38,285.74
20180620,21,21250,17970,391,1910,368.76,444.22,286.05
20180620,22,21050,17794,418,1892,345.14,439.99,265.99
20180620,23,19850,16605,492,1784,241.45,436.59,240.1
20180620,24,18375,15071,571,1651,205.95,428.75,205.45
20180621,1,16963,13305,909,1524,189.97,398.66,184
20180621,2,16200,12349,1102,1456,169.89,390.55,173
20180621,3,15850,11885,1217,1424,161.97,360.12,168.55
20180621,4,15775,11769,1259,1417,160.91,381.19,168.56
20180621,5,15425,11433,1246,1386,160.91,359.82,168.5
20180621,6,16025,12150,1119,1440,160.91,404.63,170.45
20180621,7,18600,14891,917,1671,199,446.45,202.62
20180621,8,20900,17231,759,1878,271.32,516.34,251.57
20180621,9,22075,18347,787,1984,455.8,563.72,350.33
20180621,10,22525,18561,1010,2024,619.91,465.16,347.4
20180621,11,22638,18382,1322,2034,452.91,456.73,310
20180621,12,22963,18367,1644,2063,277.18,453.96,300
20180621,13,23150,18274,1942,2080,277.18,449.74,320
20180621,14,23138,18003,2183,2079,221.16,445.94,288.7
20180621,15,22763,17472,2358,2046,220,442.45,255
20180621,16,22600,17176,2530,2031,213.4,437.82,254.55
20180621,17,22275,16752,2639,2002,271.29,430.83,248.37
20180621,18,21788,16250,2656,1958,221.16,430.63,227.27
20180621,19,21475,15861,2732,1930,199,430.22,225
20180621,20,21538,15749,2887,1936,199,431.24,222.46
20180621,21,21438,15581,2956,1927,199,429.81,220.93
20180621,22,21163,15347,2946,1902,203.58,414.9,219.02
20180621,23,19925,14193,2938,1791,201.89,398.66,190
20180621,24,18475,12761,2935,1660,161.85,226.31,175
20180622,1,17050,11158,3177,1532,168.89,163.44,164.83
20180622,2,16238,10349,3176,1459,160.64,156.74,159.19
20180622,3,15825,9924,3184,1422,160.76,134.89,159.19
20180622,4,15738,9880,3142,1414,170.89,46.99,159.19
20180622,5,15400,9548,3137,1384,165.89,44.72,159.19
20180622,6,15850,9916,3210,1424,168.89,106.97,159.19
20180622,7,18300,12212,3326,1645,188.88,333.37,175
20180622,8,20363,14122,3414,1830,199,423.64,209.53
20180622,9,21425,15157,3389,1926,199,437.86,218.49
20180622,10,21950,15734,3322,1973,199,440.23,230
20180622,11,22150,16024,3249,1991,199,437.34,230
20180622,12,22400,16356,3147,2014,199,417.97,242.93
20180622,13,22450,16534,3037,2018,200,398.8,249
20180622,14,22325,16502,2924,2007,202.39,367.89,253.31
20180622,15,22025,16374,2778,1980,202.76,342.54,252
20180622,16,21850,16423,2588,1964,202.88,361.5,250
20180622,17,21550,16354,2360,1937,202.63,344.91,247.93
20180622,18,21138,16202,2100,1900,202.63,382.11,245
20180622,19,20900,16247,1817,1879,213.4,418.49,247.93
20180622,20,20900,16491,1551,1879,220,414.78,264
20180622,21,20700,16436,1408,1861,213.4,376.34,264
20180622,22,20350,16132,1394,1829,220,368.4,247.93
20180622,23,19425,15235,1443,1746,221.16,370.67,235
20180622,24,18125,13872,1525,1629,171.2,342.85,189